{
  "detections": [
    {
      "id": 1,
      "image_path": "http://10.30.15.157:8080/images/detection1.jpg",
      "address": "Hauptstraße 123",
      "timestamp": "2025-11-09T10:30:00",
      "detection_type": "Person",
      "probability": 0.95
    },
    {
      "id": 2,
      "image_path": "http://10.30.15.157:8080/images/detection2.jpg",
      "address": "Bahnhofstraße 45",
      "timestamp": "2025-11-09T10:35:00",
      "detection_type": "Auto",
      "probability": 0.88
    },
    {
      "id": 3,
      "image_path": "http://10.30.15.157:8080/images/detection3.jpg",
      "address": "Marktplatz 7",
      "timestamp": "2025-11-09T10:40:00",
      "detection_type": "Fahrrad",
      "probability": 0.92
    }
  ]
}
